username,name,reviews,watched
dorysief,beca,3489,4561
aberrantghoul,Aberrant Ghoul,1006,4689
steelatoms,nikki,5272,4928
ianwokeup,ian,436,1617
dancedancedance,Wilson,6853,5849
mkultramoney,James,1054,3234
steph_h,Steph_h,2634,3792
alinaedwards,alina,436,1358
shinybeast,Jim Morrow,3363,5763
mattgoldberg,Matt Goldberg,3874,4193
darkcollector,The Salvador,2561,4178
falgabara,Bara Prima,413,744
unclestan,stan,543,1290
waltz3,Mike Thorn,513,5205
matt_thomas10,Matt Thomas,19708,20220
maybekayleeidk,kaylee :],705,578
kateyrich,Katey Rich,339,352
jolieism,belle,1126,1935
krodgers101,Kaleb,881,3158
pinkmcflurry,âœ¨PinkMcflurry (Danya)âœ¨,276,1191
gorphead57,gorphead57,1256,1192
kalosianlitten,Luna Challis,1541,1264
bbergman11,"Blake Bergman ""Various Spaghetti""",2793,8543
lil_wheels,Adam,800,1582
tompines,TomPines,1925,11883
mushiminion,MushiMinion,3490,3630
lileyy,lily â˜®ï¸,996,1747
lilusions,lily,728,1591
wafellow,Wafellow,97,451
crackfox45,Lochlan Ashton,1003,2005
bitchvibrations,james,1453,1925
hershwin,Hershey,1052,2099
diegowaffles,Diego Crespo,2498,2349
georgeciveris,George Civeris,330,448
hilyelo,hilyelo (gobble gobble ğŸ¦ƒ edition),1715,2637
dorseyhorsey,Dorsey,1250,1937
agassionfire,Gabe,317,8457
coz22998,Mark Costello,4942,5113
wobbleup,wobbleup,153,574
merrittk,merritt k,818,832
kitnotmarlowe,kit ğŸ‘»ğŸ¦§,1020,969
hivemindriley,riley savage,77,77
undergroundman,Ford H,1568,4166
damo1200,Damo,496,549
grabmymask,s. mill,3602,6706
toombstoned,Kodiak,2666,6590
angiepardo,angie,678,962
tracedthurman,Trace Thurman,1767,3379
cine_matic,cine_matic ğŸ’¢,1069,2058
aarkush,Allan Arkush,1829,1815
sean31415,Sean,3908,4044
erf45,emma,3823,3730
linky1024,Linky,238,1301
herman2181,Keith,1787,4602
kylerjames,kyler,1105,1406
willbrittain,Brody,1166,2752
duscher,Joel Duscher,1206,1668
warpp,Warp,725,3023
yeblod,Guy,335,1311
owen2613,owen2613,234,956
emanuelbulija,emanuelbulija,302,3305
jfcdoomblade,Reyna Cervantes,1567,1210
darthrustyy,Adi Cohen,1410,2680
psychedelicmads,m,506,1291
amyja89,Amy Andrews,1784,2412
matt_samahl,Matt_Samahl,3846,5399
jmfilms123,ğŸ¥§ joshhhh ğŸ¦ƒ,1048,4253
bobmccully,Bob McCully,2645,2417
mikeryan,Mike Ryan,1043,3397
dillom666,dillom666,88,322
cogerson,UltimateMovieRankings,7245,6957
discovery_17,Discovery_17,705,1069
fugi456,Fugi456,568,804
islamalbhloli,Islam Albhloli,649,268
brianwcollins,Brian Collins,2367,2080
stottiain,Stotty,1561,15088
cinemanya,lola ğŸ,2678,3024
prilosec,Prilosec,201,201
ghostxd1,ğ™‚ğ™ğ™¤ğ™¨ğ™©ğ˜½ğ™¤ğ™­ğ™™,630,1537
davidjams,David James ğŸ©,1579,3343
eastanglia,James,4099,5782
rachel_remeny,rachel remeny,1722,1979
eric_peartree,Eric,3888,4396
rosiea2016820,Rosieâœ¨,720,717
msicism,Michael Sicinski,1537,10933
ahutchinson,Hutch,1702,4675
favzscream,vitor,942,705
benjaminpete,Ben Peterson,2052,3001
alexxaaa,alexağŸª¼ğŸ«§ğŸª©,530,1436
bbeksinski,Robert Beksinski,1436,5512
luk3w3bb,Luk3w3bb,316,1692
devanagscott,Devan Scott,1904,1807
killjoyandproud,jennaâœ¨,1021,1534
clintarantino,ClinTarantino,2322,4808
wpc_nwf,William,1191,4015
gillianb,gillianb,449,1191
soundturnedlow,Vanina,1085,3949
baileyparkinson,Bailey Parkinson,280,1483
coralinejones,sai,419,952
bens_movielens,Bens_MovieLens,1299,1611
connellwaldronn,vitor,337,3992
the_narrator,Greta T. Narrator,3204,4002
morganmartin,morgan ğŸŒŒ,1433,1311
lonico,Lauren,112,184
larallh,lara ğ™š,880,1378
crduffy97,Cole Duffy,3302,5483
lovechazelle,nick,984,1273
lucam8a,luca mehta,1947,1655
trythebuffer,Joel Robinson,1255,1447
columned,Columned,1495,1842
enteredthevoid,EnteredTheVoid,2759,3830
pt99,PT99,2226,2928
hkfanatic,HKFanatic,3462,5696
viviansophie,viviansophie,202,228
josh2410,Josh Barton,3883,3895
z0s1a44,z0s1a44,18,48
jaxjax,jaxjax,1756,2896
milliie,ğ‘šğ‘–ğ‘™ğ‘™ğ‘ Ëšâœ©*à©ˆËš,240,534
nuno09,Nuno Costa,6075,8472
gaymafia,Kate,3525,2711
teamedward,olivia ğŸ§¸ğŸŠ,1502,1133
forgeyboi,Will Walker,1758,3683
stephmazza,stephanie,394,829
thamoviedabber1,ğŸƒ{ğ–˜ğ–†ğ–’ ğ–Œ}ğŸƒ,2321,4216
emma_chantiri,Emma Chantiri,1937,3387
hzjoett,Joe,128,172
aleph_null,aleph beth null,545,1700
broey_deschanel,Maia,126,248
stevegf,holly ğŸ•¸ï¸ ğŸ¹,817,761
mcufilm,katie,304,1940
noahdivincenzo,Noah DiVincenzo,1578,6850
anika108,anika,254,1210
alicjas,alicja,607,1948
dialmformar,margherita â¤ï¸â€ğŸ”¥,994,1557
hamfruitcake,hamfruitcake,1997,2178
cormacmcnamee,Cormac ğŸ‘‘,1147,4402
adam75,Adam ã‚·,495,1284
kingofgondor,Andrew | A.J.,2405,2181
kano,Steven Sheehan,1994,3941
hydratedshrimp,rafael ğŸŠ,135,647
gooeymuck,â™¢ ğ™·ğšŠğš›ğš•ğšğš¢ ğš€ğšğš’ğš—ğš— Ã—ÍœÃ—,279,2314
madmann14,Manny Liotta,4535,3090
andyyoungfilm,Andy Young,2377,5060
alyssajaylor,alyssa,62,375
eccyreviews,EccyReviews,1451,4124
jckdvnprt,JackğŸ§ ,2961,9829
selceny,selcen,893,1732
janehen,jane hen,1546,2745
chandeblair,Blair MacMillan,227,582
ajhan,Angie Han,85,994
chad_hartigan,Chad Hartigan,882,5507
everista,oli,581,812
kaiamlegend,Kai Perrignon,4545,6690
corndogmaddy,Maddy Flowers Sheehy,1665,1585
jimfilm2002,Jim Film,1430,5873
kinggame,Rob Hill,4054,3918
xiu_shoegaze,xiu_shoegaze,282,2768
ifising,riki,445,975
themediadiorama,The Media Diorama,4384,4838
moviedude,Film Bart,2583,4376
3c_films,Cris Parker,101,108
kadenward101,Kaden Ward,312,1061
meera,meera,119,1235
calvinkemph,Calvin Kemph ğŸ¤ ,3733,6705
louferrigno,louferrigno,1503,3014
hanxine,Haaniyah Awale Angus,566,1037
lauraprepon,Roberta,365,1145
wallflowerist,D,497,2321
xyolwzz,oli âœ¢ğ“²,1094,1298
vmelkv,amelie à©ˆâ™¡Ë³,1032,1511
ceyceyx,C,6,1811
blairrussell,Blair Russell,3949,3818
thisisdrew,Drew,170,6956
hamburgerpimp,Dave Edwards,1559,8449
rottent33th,â™¡ T33thy â™¡,3107,3219
rosetintmyworld,evitağŸ’ŒğŸ“à­¨à­§â‹†.Ëš,677,1090
feelingchris,Chris,334,1711
bethanellen,Bert ğŸ’€,2079,2489
adambns,Adam Bensoltane,1858,3636
hadbranson,Brad Hanson,5409,6120
dankwit,dankwit,3201,4315
hoznei,houvre,566,1779
ills,dan p,2054,2484
dylanward97,ğŸ‘¾DylanğŸ‘¾,243,1076
rodstar,Rod Sedgwick,1643,4789
mkola,mykola,900,1375
cloudlatte,kats,135,181
anika_k,anika,136,247
allyourcinema,Millie Writer à±¨à§,233,1190
jerome1994,Jerome1994,4495,5965
mesh509,julie,1087,1662
mortom,Tom Morton,4120,5559
medicalmovieman,Stone,825,1177
nicoleackman16,Nicole Ackman,853,1141
bjo_bro007,BjÃ¶rn,1976,3167
grimkujow,Grimkujow,143,781
toddhaynes,k,1651,2125
jamiejirak,Jamie Jirak,3241,2679
thomgrab,thomas.,2349,2175
togekiss,ğ–ğ–Šğ–‰,117,341
noodlekoodle,nike,104,113
zyopy,Jacob Cunningham,4107,3854
ben_macdonald,Ben_Macdonald,30,3893
jenna0728,MF<3,481,504
jesstra24,jessicağŸ¾,1705,2218
izzypow,isabelle â˜†,274,884
annijaas,Annija,304,1388
dancemom,dani leblanc,151,1970
aaronh,Aaron Hendrix,1534,2434
jb_15,Jay,26,1866
lupezerbino,Lupe,55,441
famsquadyeet,Fam Squad Yeet,373,1038
hamstersfilms,Hamster ğŸ©,800,1386
darcysus,lainey,492,737
therealjk,J. K.,1486,3550
winterashby,nikki,872,799
mollyscult,molly,698,981
lukethorne94,Luke Thorne,12924,15508
bencoys,ben,841,1509
councillor3004,Fabian,3299,5291
elrickane,Elric Kane,576,4820
noir1946,noir1946,2312,9291
trentreznor,zee,433,1210
sonarus,Steve Robinson,2044,1479
domxrm,Dom,3240,3414
gregorkreyca,Gregor Kreyca,3132,4387
awesomemay16,Awesomemay,424,428
aclockworkcody,AClockworkCody,479,540
brazyben,Ben,626,2461
_66tl_,Tom,1209,1231
milliegibbo,milliegibbo,161,293
bananahit,anahit,798,1565
digitalpress,Digital Press,1769,4924
luffymindset,tetra,391,673
ziglet_mir,Ziglet_mir,1709,5081
thefilmcave,Collin Taylor,1742,2579
godthedodo,ğ’…ğ’ğ’…ğ’.,667,1542
gahannajd,Jim Dooley,3516,3338
michael_elliott,Michael_Elliott,24396,24327
jrhovind,jrhovind,4419,7235
savannalarge,savanna ğŸ«,810,1038
fallnfairy,â—Ÿâœ¦ ğ“ubs !,960,828
paimonn,Paimonn,409,1258
i_z,i_z,101,113
erynyes,Kat,157,1152
dancingsnail,mel!na,62,432
mima96,mima ğŸŒ™,571,1149
earl12456,earl12456,5014,3349
karmanoodle,Disgustipated,850,2015
naturebean,naturebean Crew,435,6534
az93,az93,5620,5895
atomicant,á´¬â¿áµ—Ê°áµ’â¿Ê¸,2387,2387
ilanawolpert,ilana,550,983
qjtbailey,Quinn Bailey,2362,3764
brettboon,bb,863,2237
r0siecurrie,ğŸ¦‡rosieğŸ¦‡,692,1622
estebueno,Esteban Gonzalez,2100,3478
pileofcrowns,pileofcrowns,423,3957
aniawatchesmvs,aniawatchesmvs,41,133
dale_nauertz,Dale Nauertz,3821,4947
karwaiwong,alice,2696,2618
halliehalliday,Hallie ğŸ’ƒ,3279,3011
herzogjake,Jake,1126,1727
filmfreek25,Keith Adams Jr.,3994,4435
shawn_stubbs,Shawn Stubbs,4002,4391
teamshaikha,shaikha,378,1040
viktor_csullog,Viktor,859,909
queenraechel,queenraechel,1378,2702
alexanderh,Alexander,19,3160
axxstin,Aus,1611,2627
milo123,Milo,3308,3361
filmsunstuck,celia,683,588
kylenestrella,ky,221,1059
filmwitchpod,Sandy Settle,1597,2508
molliebo,mollie,1333,1740
nightwing04,Nightwing04,1924,2314
onelesshelper,One Less Helper,689,2952
christianbales,suzy ğŸ¦,587,612
mickeysfilms,mickeysfilms,1174,1255
lackingsaint,Jack Saint,795,1718
always8323,aaron,1020,1487
madskv,Dirk Diggler,502,4354
zacharymewborn2,Zach,1417,1813
madisqnn,â‹†.à³ƒà¿”*ğŸŒ™ É±Î±Ôƒá¥ âœ©â€§â‚ŠËš,880,1369
jchastain,MichaÅ‚,269,4625
mochtheweek,MochtheWeek,810,1673
ftrtglenn,FTRTGlenn,1682,2659
jordyn28,jordyn,345,463
linusmxx,LinusMxx,665,2334
director525,JK,2504,4630
dirkogonada,mica,1312,2830
rollatini,Rollatini,1136,1080
lllori,lori à¼šà¼…à¼šË³ğŸ€,772,1250
leowillem,ğ•ğ•šğ•ğ•ğ•–ğ• (ğ•ƒğ•–ğ• ) ğ•§ğ•’ğ•Ÿ ğ••ğ•–ğ•£ â„¤ğ•’ğ•Ÿğ••ğ•–ğ•Ÿ,3620,5632
virenmaru,Viren,744,1574
roomforscream,GiGi,539,980
man5star,Jonny,1046,1481
schlockheart,kaitlyn,1425,1425
joshuapeinado,josh,201,3894
paradisewreck,jasmin ğŸŒ™,1345,2309
nhspencer,Nathan Spencer,1673,3843
themidnightclub,pudge,2839,2937
jigsawpolice,mohamed ghaith,2513,5202
aliciaaaaaa,Alicia,590,1433
alexkittle,Alex Kittle,2873,6097
ziggystorstrand,Sigfred Storstrand,933,3852
margielatabi,phÆ°Æ¡ng,774,2248
eln_,ElÄ«na,415,1130
cernanmari,Cernan Mari,740,867
gregburns,greg,73,2227
dillamonster,Doug Dillaman,3352,7646
mook,mook,4136,5228
touyacel,â €,87,640
gbp_,grace,1782,1909
picasso,eleonora by edgar allen poe,854,1956
rhesusnegative,rhesusnegative,525,1396
kennyg07,kenny,496,1010
ronniebites,Ronnie Botes,444,1808
bilboballin,BilboBallin,2559,9648
juanga,ğŸ”¸Just Juanga,775,1248
juliendebaker,Julien Debaker,125,2952
justinsalright,Justy,384,2353
vampireweekend,denice,386,1280
lyvie,lyvie,1327,1897
wolvereign,saskia ğŸ¦ˆ,553,1787
magicmarzipan,Magic Marzipan,2774,3691
deaineira,maggie,767,2950
florences_oscar,Ëšâœ§jayneË³âœ§à¼š,2452,2243
sophfp,Sophia Francesca,886,1011
sonnywortzikk,anna,977,1243
romankirby,Roman Kirby,2376,5576
stephendanay,stephendanay,3254,5399
weardjupiter,autocinephilia,464,4346
willthemovie,William Cooper,677,7812
kiko,Kiko,2917,3047
joeelsey14,joeelsey14 ğŸ¬,579,764
irathethird,irathethird,338,401
chronopictures,daniel goldhaber,727,4716
blainlamotta,Blain LaMotta,941,2253
007filmreviwer,Dillon(!),3916,3912
betchjs,Iâ€™m The Only Juan,3073,3036
timmyw,Timmy Williams,2076,1653
thiccjonas,saffron,390,935
tenzinsia,1010,807,1692
kenzvanunu,kenzie vanunu ğŸ§ğŸ’,700,1710
trolleyfreak,trolleyfreak,2279,5505
iamjesssssica,jess,1220,1252
brakywaki,Jackie Stargrove,3580,5200
jirehngl,ji,278,1247
matrixs,maddie,359,468
leonorathelion,Leonora Anne Mint,4826,5162
rococowinked,Erin,415,1384
draymoney,Draymoney,1039,1916
gretgerwig,anya jane,714,2973
yckmd_,Dan Gorman,4192,5908
lyddellis,lydia,561,863
fahrenuwu,nachito siciliano,1557,2161
leonceuncut,Alex Leonce,3713,4664
thatoddchica,Madelyn ğŸ‰,1444,7015
cameronsilas,cameronsilas,209,823
bongjoonho,xan,481,1057
filmbitten,kendall,1844,2369
woahitsjuanito,Juan,2025,4165
staceyerinm,Stacey,391,715
kasarin,kasarin,4516,7132
femvp,Matt LaFemina,883,1904
yashley0,Yashley,114,1674
cadenmayhew,Caden MayhewğŸ“ğŸ˜,396,990
ricomcpato,alex,1597,4061
jacobdotgov,Jacob,1039,3668
evilll,evil,5142,15406
cocoapowder,coralieğŸ¥¨,1184,930
melanielynskey,ğŸ¦¦,627,1179
garrettmcdowell,Garrett McDowell,1891,4060
julesc0re,JulesğŸ¥¨,1008,2760
rachelleishman,Rachel Leishman,1687,2571
bobbby,Bobby,421,623
joshmatthews,joshmatthews,1750,3225
lohmi,Patrick Lohmeier,3356,6680
apelsins,Apelsins,377,2114
merrymaggot,mmm,1763,2495
sinceblackwidow,sinceblackwidow,3031,3031
sprudelheinz,Sprudelheinz,0,2342
astro_,astro,1498,1541
bilboverse,bilboâ„¢,366,1175
ducournau,clara,174,1083
criticoycitrico,critico y citrico,385,7449
miagypsygoth,amanda,310,2422
kira_zinnecker,ğŸ³ï¸â€âš§ï¸ğŸ¦Š Kira Korsac Î˜Î”,1017,4447
samherbst,Sam Herbst,2105,3009
luckydoll,abbie,913,1747
zoe_of_mensis,Donatello,1883,3011
kelcib32,kelci ğŸŒ¸,1370,1405
prof_ratigan,Prof. Ratigan,3409,5182
thefilmtripper,theFilmTripper,684,1442
djdoublem3,Matt,603,703
tylekurner,Kyle Turner,1362,3316
alexfhwilson,alex,750,827
threepenny,threepenny,1897,2307
feminaridens24,Catherine Stebbins,1736,6134
juliacudney,Julia Cudney,265,533
miffyinthealps,nagomi,338,1221
cinema_strikes,Cinema_Strikes,2678,6841
snan,snan,926,2087
brthrash,Luka,27348,26470
rsolsjo,Robin SolsjÃ¶ HÃ¶glund,4195,4965
bulletproofqpid,bulletproofQpid,8332,10297
bratzzzgurl,mari â·â·â·ã…¤,1624,2542
syzoth,leo,257,329
crislvsmovies,cris,1,24
tylertompkins,Tyler Tompkins,2652,2013
itslv,ItsLV,2828,2863
ingleside,ğŸ e m m Ã©,3411,3416
andrez15,Andres,350,1464
alphonse0,alphonse0,1693,2558
strawberryskyy,AnnağŸ“,1816,2270
pube,Pube,1868,1822
ems_sx,em à­¨à­§,494,790
wike_mazowski,Vivian the Espurr GirlğŸ³ï¸â€âš§ï¸ğŸ‰,1122,1930
roberteacuna,Robert E. AcuÃ±a,1047,2652
fisackerly,Patrick Fisackerly,4377,6591
madmovienerd,rebecca,286,1393
boyerased,ally ğŸ¦‹,232,1437
superscope,georgia,562,1696
wildgrac,gracky,316,379
hooded_justice,Craig J. Clark,6811,10360
joakocritica,joaquin ğŸ’€ğŸ‘»ğŸ¤¡ğŸƒ,1934,2275
reesepd,Paul (Douglas Reese),610,11323
hereditary,Elle Driver,326,1948
rickd,Rick D,3842,3683
newarchive,newarchive,0,80341
fookthis,Sarah Jane ğŸ”ª,790,6375
happypumpkin18,Happypumpkin18,528,713
jewbo23,Gavin Rye,6478,8865
repojack,Repo Jack,1393,1252
ghostdinosaur,ghostdinosaur,1778,3354
stephen_sajdak,stephen_sajdak,748,995
aaronelwhite,Aaron White,3341,4522
cami123,camila ğŸ˜ŠğŸ˜,332,1094
theanglosaxon,legolas,2270,3906
joerumrill,Joe Rumrill,1706,1602
wexlleyxn,Wexlley,868,1270
rootbeerlord,Egg Nog Lord Is A Big Fan Of TORMENTED TROBBIO!!!,2489,1402
brifilms,Tom!,4414,4969
thelonelyphoton,Spencer,889,1884
dancruse,Daniel Cruse,2656,2345
ggnz,Gemma G,760,1961
lsharrer,lawson,841,1071
craiggles,Craig,2171,1698
gniola,Gabriele Niola,1486,1556
praying,Jake,261,247
cherrygloss,mia,310,1329
halloweenh,HalloweenH,1109,5419
cinema_snobb,Cinema_Snobb,8464,8460
marktinta73,Mark Tinta,5420,4763
vncutgems,ray,961,1071
movius,MoviusâŠ,492,1014
sam_kam,Sam,703,1479
lobster20000,Lobster20000,1107,1356
filmento,Filmento,232,235
psyduck,sav,1399,2519
ronjasandra,ronja,378,795
driftking,Sudhakar Kumar,945,5161
girlsgutsgiallo,girlsgutsgiallo,166,1925
furiose,Sarah Báº£o PhÆ°Æ¡ng,234,1631
ct_sexybeast,Tooley I Am King,1206,2053
wavetoeart,karol,377,1501
henrxgst,gusta,372,342
prateeksharma,Prateek Sharma,557,2152
astardoc,Ayush,332,1976
billryan,Bill Ryan,1277,2977
cbarky79,Jay D 's Watching,5573,6573
joepack,Jos 4.0 ğŸ‰,2266,1916
jamiealert,jamie loftus,245,365
terencedavies,noah,356,1651
therealbat,THErealBat,655,1326
sanjunipero,bethany,1236,1420
thefilmpope,thefilmpope,218,1624
amanda_marie,amanda,846,2834
brianimator_,BriAnimator_,1163,3213
twinkcore,Jude,555,1725
unqverse,arthur,620,743
swarnim_thapa10,Swarnim Thapa,487,1585
nvargascamus,NicolÃ¡s Vargas,834,3052
crunchcookie,Carson Christensen,1399,1052
huntercooper,Hunter á´´á´°,1039,4030
dakotanoot,Dakota Noot,2427,2573
ethanbeach,ethan,2092,2303
redflavor,roks,569,1264
phntmthrd,jonah,389,3346
weirdveil,ğ“†¸,440,1086
rupertpupkin,Brian Saur,953,6493
jackson415,Jackson,785,1344
khirsxten,k.,281,1600
orathiago,Thiago GuimarÃ£es,124,139
patchingtons,patch!,433,515
drscott96,Dan The Cinema Man,1307,3151
oscarkit316,Oscar Lau,5279,7681
lopezzmovies,Alex,1263,1180
whiteferrari,ariel lebeau,682,1503
isvbella,bella,729,2013
zacharyruane,Zachary Ruane,206,1871
incrediblybleak,adam,824,1568
cduffy,Craig Duffy,5210,4824
smilefromaveil,jeanie,1238,1804
yogilovesfilm,YogiLovesFilmğŸ¥,612,1932
notjeffknight,jeff,1336,2893
fint,Fint,3020,7832
mattgourley,Matt Gourley,146,1068
eli_hauser,Eli Hauser,465,738
sonnybunch,Sonny Bunch,1582,1352
cheeseheadfoamy,Drew Edelstein,1250,3163
jefleppard,Jeff,720,3674
aarghand,anna,302,871
anniewoj,annie,1146,2546
giggly_governor,dipshit,6,281
brunasoares,bruna,700,1313
adrianbernalf,AdrianğŸƒ,136,1174
thatreviewerguy,josh,1972,2895
heredicarrie,Cairidh,1298,2050
mrstonks,Kenny the Movie Guy,2508,3343
iluvromcoms,emily k,158,138
niccagefannr1,Mandy(Nicolas Cage Fan Nr.1) nicolas kim coppola,2686,2165
jeffrauseo,Jeff Rauseo,258,249
downtownlights,Gemma,259,1449
worldwideweb,â‚³â± Ã˜â± ,950,2246
brettvargo,brett,953,1068
heathcliff,hannah,620,814
clevack,Chandler Levack,239,258
oliviaslove,Olivia,261,840
eggchoke,megan,247,2151
ashleepradella,Ashlee Pradella,1509,1722
caroliscore,Carolis â˜…,215,1003
foofdeckman,FoofDeckman,798,1882
staceyb,Stacey B,1807,1710
pe_testa,petestavsf,789,1970
saruuuuuuugh,sarah,2232,2211
wraithape,WraithApe,1198,2725
melirami,mel ğŸª¼,542,1329
davidfinchrr,marcella,567,3665
gilliangrace,gillian,390,920
gwendobbs99,gwen,143,436
oneaprilday,Melissa Tamminga,581,3769
reel_takes,Dan Monaghan,354,1847
davidcavazos,David Cavazos,4506,4344
bigscreenjunkie,Big Screen Junkie,649,1726
jeremy_crabb,Jeremy Crabb,3252,6928
bennhorror,Benn,1358,2234
remote,viewer ğŸ›¸,696,2783
dougholler,Doug Holler,963,2126
thunfischpasta,scarlet,150,149
jackwakelin,jack,649,2168
offensivename,Sam Williams,3756,5331
readwithcindy,readwithcindy,316,311
carygrcnt,maria,2165,3842
bryceburk,115bryceğŸš¸,303,505
sloany_,Sloaner â–ªï¸,728,918
trey_northcutt,trey ğŸ‚,2982,3040
scrumblebunny,Slappy McGee,6243,11509
jasondashbailey,Jason Bailey,3825,6348
monocle,Mike Sean,30,5431
8bitmurderbot,8 b i t m u r d e r b o t âˆ† âˆ†,873,3245
jotyco,tyler,2297,4145
gallavichstars,dakotaãƒŸâ˜†,1117,1330
alaynaviolet,lany,1572,2040
aliciadaphnex,aliciadaphnex,2551,4827
agastyachhikara,Agastya Chhikara,827,2560
locarbmonster,Troy Wayne,2254,4867
propgandapanda,Tim,820,1821
mskp,M S Krishna Prateek,1363,2558
nickygra97,NicolÃ² Grasso,5357,7531
carter1331,carter.mov,1606,2509
hanoots,HANNAH*,372,2879
jackking888,Jack King,2267,2041
movieswithdes,Des,1261,2917
kjones77,Kevin Jones,3884,4942
pynechone,pynechone,382,3727
robbbbbbie,Robbie,989,869
tristmurr,Tristan,241,620
bigmeller,Jesus Meller,1407,5296
astoehr,Alice Stoehr,332,1442
iamjaywood,Jay Wood,2733,4981
moviemaxwell,Maxwell Alexander,4970,7369
delizzie,delizzie,925,802
cherryz,cherryz,1965,4422
dizzle_sizzle,Dizzle_Sizzle,2035,2967
brendanowicz,brendanowicz,852,4513
nicknaney,Nick Naney,1351,6256
ilsuey,ilsu,895,1734
mvlhollanddrive,ashley ğŸ¥€,662,3311
kevin_matthews,Kevin Matthews,9392,11375
baebiebel,isabel â™¡,334,639
superbardibros,SuperBardiBros,944,2050
rjphoenlx,rach,224,685
lebowskidoo,Lebowskidoo ğŸ‡¨ğŸ‡¦ ğŸ¬ ğŸ¿,2688,12530
daleranger,Dale Ranger,1109,1091
dannywebster,Danny,1091,3149
dianatejada,Diana | Film Nostalgia ğ™šâ‚ŠËšâŠ¹â™¡,1070,1245
naomikawasevevo,Olivier Lemay,2209,3337
spookything,spookyTHING,2606,2468
reekinringo,dang tung bach,316,2243
j1w_gtpl,William Gibson's Acronym Collection,1232,1406
gandyfitch,Jake Isgar,1949,5528
uncoolcat,Chris Brown,4118,9821
spinosaurusnana,spinosaurus.nana,486,675
tdm5003,Tim McClelland,2920,8636
joverstreet,Jeffrey Overstreet,2113,2196
jadesmaddy,joË™â‹†âœ® (taylor's version),846,1033
whateverokay,Emalie,3124,5790
christofn,Christof,10098,15483
premoh,premoh,408,2635
gaiatauz,gaia,182,676
daveweigel,David Weigel,741,6141
dylanmeetze,Dylan,371,1168
ellieaddis,ellie,243,1040
hampus_wersen,Hampus WersÃ©n,2975,5161
loganwhal,Logan,2818,3006
damribeiro,DamRibeiro,632,870
cartermartyr,carter,828,2073
mumbles,ğ‘€ğ‘¢ğ‘šğ‘ğ‘™ğ‘’ğ‘ ,1247,2890
willmoviefan97,willmoviefan97,3503,5207
kheyc,kheyc,592,2349
daveleedu,Dave Lee,2189,4711
alexroy656,Alex ğŸ‡ºğŸ‡¦,9328,9381
calum_marsh,Calum Marsh,672,1593
colinburgess,Colin Burgess,668,1515
kjacob73,Karl,2067,8071
deleedebiri,deleedebiri,35,37
badeboom,Andreas BardÃ©t,596,2609
h4nnuh,hannaâ˜•ï¸,564,2299
gwentheyoshi,YoshiğŸ³ï¸â€âš§ï¸,2072,1385
anasilvestre,-Ë‹Ë Ana ËËŠ-,2113,3480
greg_wood,Gregory Wood,15953,15746
gregorywkent,Gregory Kent,2057,3521
genatossio30001,Jake,590,2266
radreviewz,RadReviewz,756,906
9413,â €,1300,24798
rockmarooned,Jesse Hassenger,3730,6051
brianrowe,Brian Rowe,1962,1951
troyoboyo17,Troy,243,425
jewbees12,Gabriel Jewett,2765,8274
pondragon,martika,1352,3215
notviking,viking,555,1350
xebeche,Xebeche,3787,5399
smallclone,smallclone,1716,2451
filmlinds,ğŸï¸ film fatale ğŸï¸,738,850
thesparkknight,Sparks Lowry,4651,14468
azurewomb,jerry,849,1234
sprizzle,sprizzle,1245,3254
haydenwelch,Hayden Welch,2388,4269
dlemons,Dylan,297,595
clowchan,Rose,465,3538
truong78,Tommy Truong,1679,1696
fulcibaby,FULCiBABY,2297,3514
jake_ziegler,Jake Ziegler,1382,6575
etienneone,Etienne Garde,165,1685
geyeh,gh,2376,3308
abriss,Erik,1109,1277
robynsummer,RobynSummer,2373,2251
repeep,Willy,3385,6141
miketorchic,Mike,1838,1529
peachskies,ğ—†ğ—‚ğ—…ğ–¾ğ—Œ,5610,4231
entlauber,Dirk Senger,3828,5561
luxhaze,carolina,1067,1262
jackfolla,JackFolla,139,791
netw3rk,Jason Concepcion,66,116
emperorcupcake,ğŸ’€EmperorCupcakeğŸ§,1711,2100
billgriff,bill griff,334,4950
yowiescope,Elsie Fisher,889,2258
mescalist,mescalist,3259,3589
sydstv,Syd,302,469
clarefranceso,Clare,621,1155
janevivian_,Jane Vivian,674,1024
nicktendo,NICKtendo,449,386
tajlv,TajLV,5171,6976
15stepper,Jackson,1118,2039
putitaboutique,bira,453,3709
canuckcrucifix,â € à³€ â € hazel r. â € ğŸ©¸â €,1258,2265
tommysyk,Tom dePerto,2241,3398
librafication,Anna,69,1865
larsjonjon,LarsjonjonğŸ„,815,4212
f1eabag,f1eabag,766,1188
seamus_malek,SÃ©amus Malekafzali,1085,1852
coles84,coles84,2308,3712
realhenryb,Bronco Henry,4723,15259
joejatcko,Crash Jatcko,1021,4721
sublimeken,Kenned Lehmann,35,5798
martaluvi,luvi,723,1724
juicylobster,Shark boy Shark bait uhaha,1518,1808
dbfilms13,DBFilms13,1989,2813
khoi97,khoi97,635,705
vascomunoz,v4sco,466,1561
dannyboyff,Danny,342,4570
brahski,brahski,5731,5829
oljack_burton,AndrewC,3287,3587
thatotherruben,Ruben,67,812
leviyoung572,Levi,2027,1905
juststopyt,JustStopYT,359,835
nickatkinson,nick atkinson,1262,2165
ethanhunts,gigi,1028,978
justjoshings,Josh,2833,2706
rebeccajohnsonx,bec,2709,3013
cronenbabes,Katya,315,2357
yorgoslanthimos,cowboy,246,2785
edithmassey,Ryan,450,746
taz,Tarryn-tino,3515,4838
nickyd,NickyD316,1714,3314
martyk0015mp,MartyK0015mp,1010,2719
cillemouze,cillemouze,197,557
fat_alberta,Fat_Alberta,762,1220
beauyasha,rhiannon ê©œ,704,1104
imamesscraven18,eli âš°ï¸,1159,1164
samuelleary,Samuelleary,2116,1141
hannah_bensley,Hannah Bensley,8,109
jackheavin,JackH07,967,1676
slutlv,mÎ±r ğŸ•¯ï¸Ëšâœ©ï½¡Ëšâ˜½,1632,2060
dragonknight,Dragonknight,487,1762
thesinnohman,TheSinnohman,723,831
jay_c,Jay Cheel,332,3553
drumdums,Lee McCoy,612,683
realrzn,realrzn,755,759
greffistaf,Nick,996,983
hirxeth,Anna Johansson,320,1967
drrobuttnik,Wade Garrett,5012,8930
g0neg1rl_,à±¨à§ ğŸ©°,211,1436
rossatr0n,Rossatr0n,2378,2892
hourtohcur,vicky,1638,2736
burntframes,Miguel Felix,501,808
g_emi,emi,945,1224
sarahgriffith,Sarah,675,927
kalvinlying,Kall S,955,2881
moviemegs,megs,652,1427
yoghurtsgirl,anna-may marenghi ğŸ›¸âœ¨,2248,1733
erspamer_matt,Matt Erspamer,1395,2855
violetvalenski,victoria ğŸŒ™,374,1128
kalligraphie,kalli,778,1732
djhughes,Donald Hughes,249,264
ohadmazaki,Ohad Mazaki,1562,1485
rachellydiab,rachellydiab,901,799
thefreshbeef,TheFreshBeef,492,775
super_n8,Nathan Hale,2281,2835
deaner50,Deaner50,1970,2106
dhanine,dhanine,182,182
brandonwardell,Brandon Wardell,52,114
ilaricciolina,ilaria,407,1542
catonfilm,cat,410,804
lipe0004,ğ™»ğ™¸ğ™¿ğ™´ â¤ï¸,1582,2028
frankritz,Frank Ritz,1841,3768
_lydiogames,Lydia Roberts,4335,6683
feliomestre,Feli,451,448
cassie,Cassie,154,1863
fxckitdude,Gordon,33,3006
brashbelle,BrashBelle,2164,5923
erich4chi,Eric Eidelstein,3461,4074
kitrv,keith,1433,2115
bkkirby,BK,1826,2923
honorszombie,Scout Tafoya,1034,12984
bananapudding,BananaPudding,254,1307
blakestakes,Blake's Takes,540,800
clearlymarco,Clearlymarco,530,1109
civilswar,zach,904,1563
mrpeanutbuttter,Francesco Pica,238,777
zoesf,Zoe,774,1129
innerash,amanda,638,1094
prezoh,prezoh,172,166
p00rpl4y3r,ğŸ’½,1458,6820
jakie_jake,Jakie Cake$,2384,2200
gleek,Ë—ËË‹ holly ËËŠË—,815,1863
sadik_khan_,Sadik Khan,160,1072
sbasse,Susi,355,829
laser_reviews,Erika,799,3889
victorbonnefoy,Victor Bonnefoy,459,3488
karst,lauraud,168,1649
audreypicnic,audreypicnic,344,1181
bajonasmekas,funderburker,1051,2142
fgdalmeida,Fernando Gomes,1395,1453
hashbro,#imâ€™s,1602,2990
lilliancrawford,Lillian Crawford,2826,5089
zombietrex,ZombieTrex,1176,1523
kevlarx,Kevin Clarke,2080,3986
lydiatar13,bmb,410,2388
reesedi,reese,149,1047
sisterlisa666,Max Coombes,1209,3367
pappygtalksfilm,PappyGtalksFilm,56,75
thesherminator,Austin Shermer,835,10651
cineminx,gab ğœ—ğœš,2626,1812
kuntsuragi,Nicole Veneto,3020,4041
snehc,sneh,615,1021
eddiebergman,Eddie Bergman,358,2877
fconnor,Connor,55,158
meglw,meg,88,1414
baggins,Mikael StÃ¥nggren,1578,4283
johnholmes,johnholmes,4972,5000
tylahhhmarie,Tylah Marie,228,768
jumpy,Jumpy,1197,3159
devitoenergy,maya,321,772
raveness,ğŸ–¤,3046,4056
antoniusblock7,AntoniusBlock7,3439,4428
em_quag,emmy quagliani,172,668
killingofadeer,"""clem""",569,2793
deanmfjones,Luke Bonanno,1419,10731
lizzyfrockwell,saint,69,282
jp_24,JP,1705,2137
vihan,V H A N,2793,2646
chloemizanin,Chloe,1261,1938
tummyache,Emmy,388,886
mattluvsmovies,MattLovesMovies,1126,1505
nerdzola,dÇnis,333,333
valthemovieguy,ValTheMovieGuy,142,3024
mrbalihai,mrbalihai,2095,3525
f1lmslut,yas ğŸ‡µğŸ‡¸,348,964
kaijuman,Kaijuman,1240,4316
cyrushk,Cyrus,267,762
walktheearth,Andrew,3769,4225
matthewcutchen,matthewcutchen,938,1566
vishnevetsky,I.V.,310,4139
brsan,brsan,4,3842
tinypretty,ğ¦ğ¢ğ¥ğ¥ğ¢ğËšË–ğ“¢Ö´à»‹ğŸ¦¢Ëš,239,473
danielcrooke,Daniel Crooke,2261,2965
tuurdewaele,tuur,45,570
savage_,ğŸ©¸âš°ï¸ ğ”°ğ”ğ”³ğ”ğ”¤ğ”¢ (ã‡(â€¢Ì€áµ¥áµ¥â€¢Ì)ãƒ),1076,1484
liammmmm,Liam,1400,1898
solh,solh,6825,6663
forest7980,FilmFan1970 ğŸ ğŸ”ª ğŸª“ ğŸ”¥ğŸŒ©ğŸ§¨ğŸ”ğŸ”¦ğŸª¦,7835,8204
bobby_gooch,Bob Goochman,877,980
buffedfilmbuff,Lyd,1984,2330
mirrowrball,maria,1063,1883
apat100,Adam,2474,2975
alejaaa,alejaaa,411,1050
stavvybaby2,stavvybaby2,2,2
hottoiletwater,Danielle,1748,3275
j__guerrero,j__guerrero,5661,6387
anxietyistyping,brittany!,525,2033
edakk,eda ğŸ’š,275,1343
lgarcia,Lawrence Garcia,1028,4537
olevar,Olevar,2834,4823
julianafoster,juliana à­¨à­§,602,874
monsoonchowder,Jack Russo,2861,8578
tropicalmaladdy,Addison,341,1788
dy19n,Dylan <3,847,1210
zshevich,Zach Shevich,925,4301
bleedingskull,Bleeding Skull,461,665
zombaid,ZombAid,2902,8731
grantfd,Grant McLanaghan,3309,3268
jitender,Jitender,981,1393
ed_w00d,Ed Wood ğŸ¬,3603,6628
v6446v,OB-GYN Kenobi,0,3191
bobhoveyga,Bob Hovey,2729,8006
ghettomusick,cleansing my soul of addictionğŸ¦‹,386,5370
rachels_reviews,Rachel Wagner,3661,5922
dialm4murder,BeforeTheFallBegins,435,1163
aubra_,Aubra_,1829,4062
michelcvg,Michel Gutwilen,2879,6194
miaebaker,mia,648,1138
notbrun0,Bruno,611,1098
moviecoop,coop,29,39
adel_wajeeh,ğ‘¨ğ’…ğ’†ğ’,425,1722
ptapat,Patrick Walsh,271,3715
markkaiserman,Mark Kaiserman,2021,8316
obligatory,Puffin,1609,4699
lmr,Late Movie Reviews,3490,3387
donnieddarko,lev ğŸ–¤ğŸ¦‡,1184,1458
mrpeepers,BloodspillerğŸ©¸,2785,4224
eagan94,James Eagan,3062,3947
fly80,fly80,571,1057
mikeyb98,Mikey Brzezinski,2861,11203
juliec,ğŸ¿ğŸ¬ğŸ„JulieCğŸ„ğŸ¬ğŸ¿,6183,7325
jxckm,Jack M,528,1063
lawrenceeeeeeee,Lawrence,1877,2242
sergioalpendre,SÃ©rgio Alpendre,2412,14837
ryanbingham,Ryan Bingham,1779,2709
adamtyler,adamtyler,1120,1772
mitchxsns,Mitch's Movies,6996,6777
lepetitprince,le petit princeğŸŒˆ,494,1065
dedward,D Edward ğŸ¦ƒ,4657,4539
sartoriallyinc,sartoriallyinc,1462,1272
itskyle,itskyle,3563,4359
dianatss13,dianscarlett,504,688
nopersonality,No-Personality,2815,3267
theorollason,Theo Rollason,1148,2966
hayal12,Albie Hay,3310,3756
klaasvaak333,klaasvaak333,704,1594
encox,Engwari,629,1265
soumajit,Soumajit Nath,1129,1539
alexdoc,alex docherty <3,366,801
ariella147,Alli,337,2328
ajasmine,jasmine ğŸ‚,816,1529
washusha,Joshua Arispe,815,3389
stevenmillan,Steven Millan,13875,13851
vonnyalex,VonBergundy,1732,3744
petricor,ğ”¸â„•â„•ğ”¸,3351,5955
stef0197,stef,527,545
simplecinema,Jake,1856,2506
milaapadilla,mila,479,674
reedagd,reed ğŸ‚,2573,3435
keeganwalker15,Keegan W,285,2804
knat,nat,227,600
britthates,Britt Hayes,492,1865
rainyzurich,carina,509,1327
gubarenko,Mark Gubarenko,4113,15278
kassxo,kass âŠ¹ËšÂ·,373,333
victordurval,Victor,1119,1129
the_sam,the sam,897,1209
skyep19,Skye,949,762
breannalee,bree ğŸª,334,722
edunne125,Ethan,2053,1905
foggy,Foggy,4044,5295
invincibleasia,Invincible Asia,3302,6951
chloe1,Chloe,4660,4803
darrenfx,Darren,2878,5166
love_is_red,ğŸ‚Love is REDğŸâ™¥ï¸ğŸ‰,943,3547
filmtoppings,Gal Balaban,2517,3070
chelsrose,chelsey,633,1708
jfrankensteiner,John Frankensteiner,406,7805
vaiouu,Valouu,1892,1891
janaefilms,janae ğŸï¸ğ–¦¹â‚Š âŠ¹,1206,1708
danielzalez,daniğŸ‡µğŸ‡¸,175,2970
theophilus31,theophilus,420,731
heykorra,heykorra,738,1585
kadino,Kadino,1127,1018
simsimsan,simsimsan,70,83
gunthergoldfish,Sean,2423,1932
uusss15,Uusss ğ”˜“,1321,1507
dreoyer,dreoyer,931,943
mogwai_synth,Mogwai_Synth,715,2234
themyrka,Chris Hormann,2542,3496
liliab,lilia buckingham,289,230
cyman,Simon Lang,5042,6972
keenan28,Keenan,407,1717
danzelvaughn,Danzel Vaughn,1825,3493
aford,AJ Ford,2008,1892
cinephile_chase,Chazm,665,2282
madeons,shay,395,305
karekano,âœ¿ eli âœ¿,2651,3443
cinemacollector,CinemaCollector,1013,1659
kyrahz,kyra,558,1610
heirofslytherin,Bri ğŸ‘½,1979,3126
jdtheprezodent,Jamie Davies,1539,3470
jeremiah425,Jeremiah Battle,608,2025
dustin_b,Dustin Baker,9369,14177
matthewlb,Matthew L. Brady,4158,5093
firstshowing,Alex Billington,2287,3407
nothnghppens,alex,1330,1234
stephen_ny,Stephen M,2309,3629
juulialim,JuliağŸ¦•,313,1053
angiemoreno,angie,58,990
skylerinthecine,skyler ğŸŒ¸,2038,3049
jordansmith,Jordan Smith,2020,4411
drucilla,drucilla,765,2295
lindseyromain,Lindsey Romain,148,2572
vicinfilm,vic,412,523
frankenlotter,Richard,399,19465
milos,Milos ğŸ‘¹,3035,6153
gayhorrorfilm,rowan jude,1178,1414
brettandjb,Brett & JB,3136,3169
rawbehr,rob macÃ­as,658,2313
douglasbarbosz,Douglas Barbosa,867,1041
twincoves,twincoves,417,2493
fabijan_,fabian ğŸ¦§,612,1805
sylvainl,SylvainL,2698,3184
joshuasorensen,joshua sorensen,1655,2614
acbrew,Alex,1435,2895
musterion,Musterion,211,851
hudsonrocks,Chance,3592,3533
gen7,genevieve,1572,1865
devpatei,kar ğŸ¥€,785,1178
ajblack,A. J. Black,2185,3280
lukerobertson95,Luke Robertson,533,1735
willas,willa,28,2589
edoardocan,Penis Paolo Pasolini,481,2143
suspirianknight,SuspirianKnight,3107,4808
horrorguy75,á•¼Oá–‡á–‡Oá–‡Gá‘ŒY75,563,640
themathletes,graham ğŸŒ burdick,1608,2366
bethbecomesher,beth ğŸª·,1331,1477
trainbusan,niamh à±¨à§,880,973
pjenkins,nic ğŸ‘¹,103,349
slasherreviews,SlasherReviews,3380,2593
starr,starr ğŸŒ™,1216,2068
haleyasowards,haley,669,1101
jonsansk8,Mr. Sophistication,3213,4875
direktionz,DIREKTIONZ,694,2065
benradetski,baradetski,790,5425
brunasfilms,bruna <3,415,950
alan_sepinwall,Alan Sepinwall,377,420
pauloveshorror,Paulaloveshorror,644,1030
antonwalbrook,Cate,3500,5356
darkreif,The Movie Matt,4926,4857
lorenzog99,Lorenzo,546,4294
adil12uu,Adil12uu,411,1993
iwannabeadir3ct,Rhett likes films and radium,2148,1389
sophiejunge,sophâ”Šâœ§Ë–*Â°à¿,535,698
mc5,razvanfilms,215,1493
juano2000,Juan Castillo,1667,1646
emmagarner,Emma Garner,619,946
auteurtheory,AuteurTheory,4412,4269
dantesring,dantesring,2149,2143
euanharris200,Euan,2356,3575
jjdotbiz,JJ,328,647
electricwizardx,ELECTRICWIZARDx,984,6097
meadforddude,Andrew Ford,9795,14247
